Company_Id,Company_name,Company_Size,Headquarters_State,Company_URL,Industry
C0001,Lexington Medical,1 to 50 employees, MA,http://www.lexington-med.com/,Health Care Products Manufacturing
C0002,Philz Coffee,1001 to 5000 employees, CA,http://www.philzcoffee.com/,Food & Beverage Stores
C0003,Investors Title Company,201 to 500 employees, NC,NULL,Insurance Carriers
C0004,Wichita Tribal Enterprises,51 to 200 employees, TX,NULL,NULL
C0005,ReedGroup,1001 to 5000 employees, CO,http://www.reedgroup.com/,Consulting
C0006,Navy Federal Credit Union,10000+ employees, VA,http://www.navyfederal.org/,Banks & Credit Unions
C0007,Davion Inc.,10000+ employees, IL,http://www.kraftheinzcompany.com/,Food & Beverage Manufacturing
C0008,U.S. Auto Parts,1001 to 5000 employees, CA,http://www.usautoparts.net/,Automotive Parts & Accessories Stores
C0009,National Education Partners,201 to 500 employees, AZ,http://www.nationaled.org/,Colleges & Universities
C0010,Arrow Electronics,10000+ employees, CO,http://www.fiveyearsout.com/,Wholesale
C0011,Kelly Services,5001 to 10000 employees, MI,http://www.kellyservices.com/,Staffing & Outsourcing
C0012,Ryan Specialty Group,1001 to 5000 employees, IL,http://www.ryansg.com/,Insurance Agencies & Brokerages
C0013,Honeywell,10000+ employees, NC,http://www.honeywell.com/,Computer Hardware & Software
C0014,Maximus Real Estate Partners,51 to 200 employees, CA,http://www.maximusrepartners.com/,Real Estate
C0015,CME Group,1001 to 5000 employees, IL,http://www.cmegroup.com/,Brokerage Services
C0016,TOMS,201 to 500 employees, CA,http://www.toms.com/,"Department, Clothing, & Shoe Stores"
C0017,Jam City,501 to 1000 employees, MA,http://www.syniti.com/,IT Services
C0018,Lockheed Martin,10000+ employees, MD,http://www.lockheedmartin.com/,Aerospace & Defense
C0019,Federal Reserve Bank of Dallas,1001 to 5000 employees, MA,http://www.cengage.com/,Publishing
C0020,Collective Health,201 to 500 employees, CA,http://www.collectivehealth.com/,Enterprise Software & Network Solutions
C0021,"Advanced Technology Services, Inc.",1001 to 5000 employees, IL,http://www.advancedtech.com/,Industrial Manufacturing
C0022,Major League Baseball,201 to 500 employees, GA,http://www.riskonnect.com/,Enterprise Software & Network Solutions
C0023,MorganFranklin Consulting,201 to 500 employees, VA,http://www.morganfranklin.com/,Consulting
C0024,TriNet,1001 to 5000 employees, CA,http://www.trinet.com/,Consulting
C0025,Airgas,10000+ employees, PA,http://www.airgas.com/,Chemical Manufacturing
C0026,Northrop Grumman,10000+ employees, VA,http://www.northropgrumman.com/,Aerospace & Defense
C0027,Saint-Gobain,10000+ employees, France,http://www.saint-gobain.com/,Industrial Manufacturing
C0028,iSeatz,10000+ employees, NY,http://www.vnsny.org/,Health Care Services & Hospitals
C0029,W.L. Gore,10000+ employees, DE,http://www.gore.com/,Industrial Manufacturing
C0030,Farelogix,501 to 1000 employees, FL,http://www.gatelesis.com/,Aerospace & Defense
C0031,Intrado,5001 to 10000 employees, NE,http://www.intrado.com/,Enterprise Software & Network Solutions
C0032,Perfecta,51 to 200 employees, VA,http://www.perfecta.com/,Enterprise Software & Network Solutions
C0033,The BEHR Paint Company,1001 to 5000 employees, CA,http://www.behr.com/,Chemical Manufacturing
C0034,ManTech,51 to 200 employees, MD,http://www.teachingstrategies.com/,Preschool & Child Care
C0035,ManTech,5001 to 10000 employees, VA,http://www.mantech.com/,Research & Development
C0036,Ghirardelli Chocolate,1001 to 5000 employees, CA,http://www.ghirardelli.com/,Food & Beverage Manufacturing
C0037,Powersolv,501 to 1000 employees, CO,http://www.ent.com/,Banks & Credit Unions
C0038,Twitch,51 to 200 employees, VA,http://www.hourigan.group/,Construction
C0039,Fluidigm,501 to 1000 employees, CA,http://www.fluidigm.com/,Biotech & Pharmaceuticals
C0040,Amazon,10000+ employees, WA,http://www.amazon.jobs/,Internet
C0041,Utah System Of Higher Education,201 to 500 employees, UT,NULL,NULL
C0042,Essilor,1001 to 5000 employees, MA,http://www.forrester.com/,Research & Development
C0043,American Woodmark,10000+ employees, VA,http://www.americanwoodmark.com/,Wood Product Manufacturing
C0044,Washington Health Benefit Exchange,1001 to 5000 employees, WA,http://www.clearwaterpaper.com/,Industrial Manufacturing
C0045,Twitch,1001 to 5000 employees, CA,http://www.twitch.tv/,Internet
C0046,Tufts Health Plan,1001 to 5000 employees, MA,http://www.tuftshealthplan.com/,Insurance Carriers
C0047,NCSOFT,501 to 1000 employees, VA,http://www.calibresys.com/,IT Services
C0048,CircleCI,201 to 500 employees, CA,http://www.circleci.com/,Internet
C0049,Charlie's Produce,1001 to 5000 employees, WA,http://www.charliesproduce.com/,Wholesale
C0050,Randstad,1001 to 5000 employees, GA,http://www.randstadusa.com/,Staffing & Outsourcing
C0051,Revantage Corporate Services,501 to 1000 employees, DC,http://www.hschealth.org/,Health Care Services & Hospitals
C0052,Airgas,10000+ employees, PA,http://www.airgas.com/,Chemical Manufacturing
C0053,DealCloud,51 to 200 employees, NJ,http://www.dealcloud.com/,Enterprise Software & Network Solutions
C0054,"WellDoc, Inc.",51 to 200 employees, MD,http://www.welldoc.com/,Health Care Services & Hospitals
C0055,ECRI Institute,201 to 500 employees, PA,NULL,Health Care Services & Hospitals
C0056,The BEHR Paint Company,5001 to 10000 employees, IL,http://www.panduit.com/,Electrical & Electronic Manufacturing
C0057,"Dole Food Company, Inc.",10000+ employees, NC,http://www.dole.com/,Food Production
C0058,Peterson Technology Partners,501 to 1000 employees, IA,http://www.greatamerica.com/,Lending
C0059,Ciber,1001 to 5000 employees, MI,http://www.ciber.com/,IT Services
C0060,Perfect Day,1 to 50 employees, MI,http://www.floydhome.com/,Home Furniture & Housewares Stores
C0061,Perfect Day,51 to 200 employees, CA,http://www.perfectdayfoods.com/,Biotech & Pharmaceuticals
C0062,United Natural Foods,10000+ employees, RI,http://www.unfi.com/,Logistics & Supply Chain
C0063,Cargill,10000+ employees, MN,NULL,Food Production
C0064,Northrop Grumman,10000+ employees, VA,http://www.northropgrumman.com/,Aerospace & Defense
C0065,Comfy,51 to 200 employees, CA,http://www.comfyapp.com/,Computer Hardware & Software
C0066,Willis Towers Watson,10000+ employees, United Kingdom,http://www.willistowerswatson.com/,Consulting
C0067,Western Asset,501 to 1000 employees, CA,http://www.westernasset.com/,Investment Banking & Asset Management
C0068,Amyris,201 to 500 employees, CA,http://www.amyris.com/,Biotech & Pharmaceuticals
C0069,Belden,201 to 500 employees, FL,http://www.svmicrowave.com/,Telecommunications Manufacturing
C0070,Navy Federal Credit Union,10000+ employees, VA,http://www.navyfederal.org/,Banks & Credit Unions
C0071,OCHIN,201 to 500 employees, OR,http://www.ochin.org/,IT Services
C0072,USDM Life Sciences,201 to 500 employees, CA,http://www.usdm.com/,Consulting
C0073,Hargray,501 to 1000 employees, SC,http://www.hargray.com/,"Cable, Internet & Telephone Providers"
C0074,Ferrara Candy Company,5001 to 10000 employees, IL,http://www.ferrarausa.com/,Food & Beverage Manufacturing
C0075,Airship,201 to 500 employees, OR,http://www.airship.com/,Computer Hardware & Software
C0076,AXION Healthcare Solutions,1 to 50 employees, NY,http://www.axionhealthcare.com/,Health Care Services & Hospitals
C0077,WAXIE Sanitary Supply,501 to 1000 employees, CA,http://www.waxie.com/,Logistics & Supply Chain
C0078,Campus Management,501 to 1000 employees, FL,http://www.campusmanagement.com/,Computer Hardware & Software
C0079,Adient,10000+ employees, Germany,http://www.adient.com/,Transportation Equipment Manufacturing
C0080,Uline,5001 to 10000 employees, WI,http://www.uline.com/,Wholesale
C0081,The BEHR Paint Company,1001 to 5000 employees, CA,http://www.behr.com/,Chemical Manufacturing
C0082,Devoted Health,201 to 500 employees, MA,http://www.devoted.com/,Health Care Services & Hospitals
C0083,Community Behavioral Health,201 to 500 employees, PA,http://www.dbhids.org/,Health Care Services & Hospitals
C0084,Facebook,10000+ employees, CA,http://www.facebook.com/,Internet
C0085,HawkinsPointPartners,51 to 200 employees, MA,http://www.hawkinspointpartners.com/,Biotech & Pharmaceuticals
C0086,HM Electronics,501 to 1000 employees, CA,http://www.hme.com/,Electrical & Electronic Manufacturing
C0087,ForgeRock,1 to 50 employees, MA,http://www.hopjump.com/,Travel Agencies
C0088,United Natural Foods,10000+ employees, RI,http://www.unfi.com/,Logistics & Supply Chain
C0089,Icon Health and Fitness,1001 to 5000 employees, UT,http://www.iconfitness.com/,Consumer Products Manufacturing
C0090,Arthrex,1001 to 5000 employees, FL,http://www.arthrex.com/,Health Care Products Manufacturing
C0091,GAF,1001 to 5000 employees, NJ,http://www.gaf.com/,Consumer Products Manufacturing
C0092,Campbell Soup Company,10000+ employees, NJ,http://www.campbellsoupcompany.com/,Food & Beverage Manufacturing
C0093,Uline,5001 to 10000 employees, WI,http://www.uline.com/,Wholesale
C0094,Lumentum Operations,1001 to 5000 employees, CA,http://www.lumentum.com/,IT Services
C0095,FHLBank Pittsburgh,201 to 500 employees, PA,http://www.fhlb-pgh.com/,Banks & Credit Unions
C0096,ConnectiveRx,501 to 1000 employees, NJ,http://www.connectiverx.com/,Biotech & Pharmaceuticals
C0097,Advisor Group,1001 to 5000 employees, AZ,http://www.advisorgroup.com/,Brokerage Services
C0098,comScore,1001 to 5000 employees, VA,http://www.comscore.com/,Advertising & Marketing
C0099,El Camino Health,1001 to 5000 employees, CA,http://www.elcaminohealth.org/,Health Care Services & Hospitals
C0100,"Herdt Consulting, Inc.",1 to 50 employees, AL,NULL,Consulting
C0101,U.Group,201 to 500 employees, VA,http://www.u.group/,IT Services
C0102,RB,10000+ employees, United Kingdom,NULL,Consumer Products Manufacturing
C0103,Ecolab,5001 to 10000 employees, TX,http://www.nch.com/,Chemical Manufacturing
C0104,TreeHouse Foods,10000+ employees, IL,http://www.treehousefoods.com/,Food & Beverage Manufacturing
C0105,Essilor,10000+ employees, France,http://www.essilor.com/,Health Care Products Manufacturing
C0106,BioPhase Solutions,1 to 50 employees, CA,http://www.biophaseinc.com/,Biotech & Pharmaceuticals
C0107,Safe Auto,501 to 1000 employees, OH,http://www.safeauto.com/,Insurance Carriers
C0108,PepsiCo,10000+ employees, NY,http://www.pepsico.com/,Food & Beverage Manufacturing
C0109,Philz Coffee,51 to 200 employees, PA,http://corporate.freedompay.com/,Enterprise Software & Network Solutions
C0110,Perfetti Van Melle,51 to 200 employees, Italy,NULL,Food & Beverage Manufacturing
C0111,Tabner,201 to 500 employees, CA,http://www.castlighthealth.com/,Enterprise Software & Network Solutions
C0112,Coyote Logistics,1001 to 5000 employees, IL,http://www.coyote.com/,Logistics & Supply Chain
C0113,Group O,1001 to 5000 employees, IL,http://www.groupo.com/,Staffing & Outsourcing
C0114,Sabra Dipping,501 to 1000 employees, NY,http://www.sabra.com/,Food & Beverage Manufacturing
C0115,Macro Solutions,51 to 200 employees, DC,http://www.macrosolutions.com/,IT Services
C0116,Visiting Nurse Service of New York,10000+ employees, NY,http://www.vnsny.org/,Health Care Services & Hospitals
C0117,"Market Traders Institute, Inc.",51 to 200 employees, FL,http://www.markettraders.com/,Education Training Services
C0118,MassMutual,5001 to 10000 employees, MA,http://www.massmutual.com/,Insurance Carriers
C0119,Miltenyi Biotec,1001 to 5000 employees, Germany,http://www.miltenyibiotec.com/,Biotech & Pharmaceuticals
C0120,Federal Emergency Management Agency,1001 to 5000 employees, DC,http://www.fema.gov/,Federal Agencies
C0121,Guild Education,201 to 500 employees, CO,http://www.guildeducation.com/,Enterprise Software & Network Solutions
C0122,Sunnova,201 to 500 employees, TX,http://www.sunnova.com/,Energy
C0123,"XALT Energy, LLC",201 to 500 employees, MI,http://www.xaltenergy.com/,Energy
C0124,Gensco,501 to 1000 employees, WA,http://www.gensco.com/,Wholesale
C0125,Driscoll's,1001 to 5000 employees, CA,http://www.driscolls.com/,Food Production
C0126,Kipp New Jersey,1001 to 5000 employees, NJ,http://www.kippnj.org/,K-12 Education
C0127,MathWorks,1001 to 5000 employees, MA,http://www.mathworks.com/,Computer Hardware & Software
C0128,Blue Cross & Blue Shield of Rhode Island,501 to 1000 employees, RI,http://www.joinbcbsri.com/,Insurance Carriers
C0129,"Torch Technologies, Inc.",1001 to 5000 employees, AL,http://www.torchtechnologies.com/,Aerospace & Defense
C0130,"DRT Strategies, Inc.",201 to 500 employees, VA,http://www.drtstrategies.com/,Federal Agencies
C0131,Blue Buffalo,501 to 1000 employees, CT,http://www.bluebuffalo.com/,Consumer Products Manufacturing
C0132,Kroger Logistics,201 to 500 employees, CA,NULL,Trucking
C0133,CareFirst BlueCross BlueShield,5001 to 10000 employees, MD,http://www.carefirst.com/,Insurance Carriers
C0134,ORS Partners,51 to 200 employees, PA,http://www.orspartners.com/,Staffing & Outsourcing
C0135,Community Action Partnership of San Luis Obispo,501 to 1000 employees, CA,http://www.capslo.org/,Social Assistance
C0136,CareFirst BlueCross BlueShield,5001 to 10000 employees, MD,http://www.carefirst.com/,Insurance Carriers
C0137,Kelly,5001 to 10000 employees, MI,http://www.kellyservices.com/,Staffing & Outsourcing
C0138,Beaver-Visitec International,51 to 200 employees, United Kingdom,NULL,Health Care Services & Hospitals
C0139,Empower Retirement,5001 to 10000 employees, CO,http://www.empower-retirement.com/,Investment Banking & Asset Management
C0140,Chesapeake Utilities,501 to 1000 employees, DE,http://www.chpk.com/,Energy
C0141,Henkel,10000+ employees, Germany,http://www.henkel.com/,Consumer Products Manufacturing
C0142,Strategic Employment Partners,51 to 200 employees, WI,http://www.catholicfinanciallife.org/,Insurance Carriers
C0143,Triumph Group,10000+ employees, PA,http://www.triumphgroup.com/,Aerospace & Defense
C0144,Cenero,51 to 200 employees, PA,NULL,NULL
C0145,"Raycon, Inc.",1 to 50 employees, NY,http://www.rayconglobal.com/,Consumer Products Manufacturing
C0146,Skyline Labor Solutions,Unknown, FL,NULL,NULL
C0147,Avanos,1001 to 5000 employees, GA,http://www.avanos.com/,Health Care Services & Hospitals
C0148,comScore,10000+ employees, China,http://www.pactera.com/,IT Services
C0149,Oregon Mutual Insurance,51 to 200 employees, OR,http://www.ormutual.com/,Insurance Carriers
C0150,DRB Capital,51 to 200 employees, FL,http://www.drbfinancial.com/,Lending
C0151,BankUnited,1001 to 5000 employees, FL,http://www.bankunited.com/,Banks & Credit Unions
C0152,Tabner,51 to 200 employees, NC,http://www.tabnerglobal.com/,IT Services
C0153,Sonos,1001 to 5000 employees, CA,http://www.sonos.com/,Consumer Products Manufacturing
C0154,Argo Group US,1001 to 5000 employees, Bermuda,http://www.argolimited.com/,Insurance Carriers
C0155,Collabera,10000+ employees, NJ,http://www.collabera.com/,IT Services
C0156,Inland Empire Health Plan,51 to 200 employees, CA,http://www.life360.com/,Computer Hardware & Software
C0157,LogicSource,51 to 200 employees, CT,http://www.logicsource.com/,Consulting
C0158,Radius Global Solutions,1001 to 5000 employees, PA,http://www.radiusgs.com/,Consulting
C0159,CNA Corporation,5001 to 10000 employees, MD,http://www.troweprice.com/,Investment Banking & Asset Management
C0160,Thornburg Investment Management,201 to 500 employees, NM,http://www.thornburg.com/,Investment Banking & Asset Management
C0161,KSM Consulting,51 to 200 employees, IN,http://www.ksmconsulting.com/,Consulting
C0162,JDRF International,501 to 1000 employees, NY,http://www.jdrf.org/,Health Fundraising Organizations
C0163,MODE Transportation,51 to 200 employees, TX,http://www.modetransportation.com/,Transportation Management
C0164,Peraton,1001 to 5000 employees, VA,http://www.peraton.com/,Aerospace & Defense
C0165,Harbor Freight Tools,10000+ employees, CA,http://www.harborfreightjobs.com/,Home Centers & Hardware Stores
C0166,Northrop Grumman,10000+ employees, VA,http://www.northropgrumman.com/,Aerospace & Defense
C0167,"Qualifacts Systems, Inc.",201 to 500 employees, TN,http://www.qualifacts.com/,Enterprise Software & Network Solutions
C0168,Robert Half,10000+ employees, CA,http://www.roberthalf.com/,Staffing & Outsourcing
C0169,The MIL Corporation,501 to 1000 employees, MD,http://www.milcorp.com/,Consulting
C0170,Telaid,51 to 200 employees, CT,http://www.telaid.com/,IT Services
C0171,Church & Dwight,1001 to 5000 employees, NJ,NULL,Consumer Products Manufacturing
C0172,Major League Baseball,201 to 500 employees, NY,http://www.mlb.com/,Sports & Recreation
C0173,Essential Software Inc.,NULL,,NULL,NULL
C0174,Uline,5001 to 10000 employees, WI,http://www.uline.com/,Wholesale
C0175,MetaBank,501 to 1000 employees, SD,http://www.metabank.com/,Investment Banking & Asset Management
C0176,Centric Consulting,501 to 1000 employees, OH,http://www.centricconsulting.com/,Consulting
C0177,Carilion Clinic,201 to 500 employees, MS,http://www.mycanopy.org/,Health Care Services & Hospitals
C0178,Hair Club,1001 to 5000 employees, FL,http://www.hairclub.com/,"Health, Beauty, & Fitness"
C0179,Driscoll's,1001 to 5000 employees, CA,http://www.driscolls.com/,Food Production
C0180,Financial Recovery Technologies,51 to 200 employees, MA,http://www.frtservices.com/,Financial Transaction Processing
C0181,Colgate-Palmolive,10000+ employees, NY,http://www.colgatepalmolive.com/,Consumer Products Manufacturing
C0182,Amazon Corporate LLC,NULL,,NULL,NULL
C0183,Uline,5001 to 10000 employees, WI,http://www.uline.com/,Wholesale
C0184,Intuitive Surgical,5001 to 10000 employees, CA,http://www.intuitive.com/,Health Care Products Manufacturing
C0185,"Northstone, Inc.",51 to 200 employees, NC,NULL,NULL
C0186,CALIBRE Systems,501 to 1000 employees, VA,http://www.calibresys.com/,IT Services
C0187,CyberCore Technologies,51 to 200 employees, United Kingdom,http://www.jrni.com/,Enterprise Software & Network Solutions
C0188,King's Hawaiian,1001 to 5000 employees, CA,http://www.kingshawaiian.com/,Food & Beverage Manufacturing
C0189,Northrop Grumman,10000+ employees, VA,http://www.northropgrumman.com/,Aerospace & Defense
C0190,Campbell Soup Company,10000+ employees, WA,http://www.amazon.jobs/,Internet
C0191,Blue Buffalo,10000+ employees, RI,http://www.unfi.com/,Logistics & Supply Chain
C0192,American Woodmark,1001 to 5000 employees, CA,http://www.biomarin.com/,Biotech & Pharmaceuticals
C0193,VRI,201 to 500 employees, OH,http://www.vricares.com/,Health Care Services & Hospitals
C0194,BankUnited,1001 to 5000 employees, FL,http://www.bankunited.com/,Banks & Credit Unions
C0195,Triumph Group,10000+ employees, PA,http://www.triumphgroup.com/,Aerospace & Defense
C0196,Urban Science,501 to 1000 employees, MI,http://www.urbanscience.com/,IT Services
C0197,Cogo Labs,51 to 200 employees, MA,http://www.cogolabs.com/,Internet
C0198,Jam City,501 to 1000 employees, CA,http://www.jamcity.com/,Video Games
C0199,Twitch,1001 to 5000 employees, CA,http://www.twitch.tv/,Internet
C0200,Duck Creek Technologies,1001 to 5000 employees, MA,http://www.duckcreek.com/,Computer Hardware & Software
C0201,Flux Resources,201 to 500 employees, OR,http://www.workwithflux.com/,Staffing & Outsourcing
C0202,Peterson Technology Partners,201 to 500 employees, MA,http://www.workhuman.com/,Enterprise Software & Network Solutions
C0203,National Interstate,51 to 200 employees, LA,http://www.iseatz.com/,Enterprise Software & Network Solutions
C0204,Center for Sustainable Energy,51 to 200 employees, CA,http://www.energycenter.org/,Energy
C0205,Evolve IP,201 to 500 employees, PA,http://www.evolveip.net/,Enterprise Software & Network Solutions
C0206,Uline,5001 to 10000 employees, WI,http://www.uline.com/,Wholesale
C0207,King's Hawaiian,1001 to 5000 employees, CA,http://www.kingshawaiian.com/,Food & Beverage Manufacturing
C0208,Ecolab,10000+ employees, MN,http://www.ecolab.com/,Chemical Manufacturing
C0209,Northrop Grumman,10000+ employees, VA,http://www.northropgrumman.com/,Aerospace & Defense
C0210,Essilor,10000+ employees, France,http://www.essilor.com/,Health Care Products Manufacturing
C0211,TreeHouse Foods,10000+ employees, CA,http://www.agilent.com/go/careers,Biotech & Pharmaceuticals
C0212,Life360,51 to 200 employees, CA,http://www.life360.com/,Computer Hardware & Software
C0213,Powersolv,1 to 50 employees, VA,http://www.powersolv.com/,IT Services
C0214,"Insight Enterprises, Inc.",5001 to 10000 employees, AZ,http://www.insight.com/,Enterprise Software & Network Solutions
C0215,Arteriors,51 to 200 employees, TX,http://www.arteriorshome.com/,Consumer Products Manufacturing
C0216,Natera,501 to 1000 employees, CA,http://www.natera.com/,Biotech & Pharmaceuticals
C0217,Success Academy Charter Schools,1001 to 5000 employees, NY,http://jobs.successacademies.org/,K-12 Education
C0218,Daktronics,1001 to 5000 employees, SD,http://www.daktronics.com/,Electrical & Electronic Manufacturing
C0219,Revantage Corporate Services,201 to 500 employees, IL,http://www.revantage.com/,Real Estate
C0220,Positec,501 to 1000 employees, NC,http://www.positecgroup.com/,Consumer Products Manufacturing
C0221,Freedman Healthcare,1 to 50 employees, MA,http://www.freedmanhealthcare.com/,Consulting
C0222,Great Lakes Cheese,1001 to 5000 employees, OH,http://www.greatlakescheese.com/,Food & Beverage Manufacturing
C0223,Brunswick,10000+ employees, IL,http://www.brunswick-careers.com/,Consumer Products Manufacturing
C0224,Northrop Grumman,10000+ employees, VA,http://www.northropgrumman.com/,Aerospace & Defense
C0225,"Clark Associates, Inc.",1001 to 5000 employees, PA,http://www.clarkassociatesinc.biz/,Other Retail Stores
C0226,Federal Reserve Bank of Dallas,1001 to 5000 employees, TX,http://www.dallasfed.org/,Banks & Credit Unions
C0227,Nasuni,201 to 500 employees, MA,http://www.nasuni.com/,Enterprise Software & Network Solutions
C0228,Planet Fitness,10000+ employees, NH,http://www.planetfitness.com/,"Health, Beauty, & Fitness"
C0229,Softcom Systems,1 to 50 employees, NJ,NULL,IT Services
C0230,Dendreon Pharmaceuticals LLC,501 to 1000 employees, CA,http://www.dendreon.com/,Biotech & Pharmaceuticals
C0231,Henkel,10000+ employees, Germany,http://www.henkel.com/,Consumer Products Manufacturing
C0232,Select Portfolio Servicing,1001 to 5000 employees, UT,http://www.spservicing.com/,Financial Analytics & Research
C0233,22nd Century Technologies,1001 to 5000 employees, NJ,http://www.tscti.com/,IT Services
C0234,Global Atlantic Financial Group,1001 to 5000 employees, NY,http://www.globalatlantic.com/,Insurance Agencies & Brokerages
C0235,The MIL Corporation,501 to 1000 employees, MD,http://www.milcorp.com/,Consulting
C0236,Uline,5001 to 10000 employees, WI,http://www.uline.com/,Wholesale
C0237,sam schwartz engineering pllc,201 to 500 employees, NY,http://www.samschwartz.com/,Transportation Management
C0238,Johnsonville Sausage,201 to 500 employees, WA,http://www.nautilusinc.com/,Consumer Products Manufacturing
C0239,Northrop Grumman,10000+ employees, VA,http://www.northropgrumman.com/,Aerospace & Defense
C0240,ForgeRock,501 to 1000 employees, CA,http://www.forgerock.com/,Enterprise Software & Network Solutions
C0241,Scotts Miracle-Gro,5001 to 10000 employees, OH,http://www.scottsmiracle-gro.com/,Consumer Products Manufacturing
C0242,Community Action Partnership of San Luis Obispo,501 to 1000 employees, CA,http://www.capslo.org/,Social Assistance
C0243,Syncadd Systems Inc.,1 to 50 employees, HI,NULL,Computer Hardware & Software
C0244,JDRF International,501 to 1000 employees, NY,http://www.jdrf.org/,Health Fundraising Organizations
C0245,Eastbanc Technologies,51 to 200 employees, DC,http://www.eastbanctech.com/,Computer Hardware & Software
C0246,Kroger Logistics,10000+ employees, NC,http://www.advanceautoparts.jobs/,Automotive Parts & Accessories Stores
C0247,Octagon,501 to 1000 employees, CT,http://www.octagon.com/,Advertising & Marketing
C0248,AgFirst,201 to 500 employees, SC,http://www.agfirst.com/,Lending
C0249,National General Insurance,5001 to 10000 employees, NY,http://www.nationalgeneral.com/,Insurance Carriers
C0250,King's Hawaiian,51 to 200 employees, NY,NULL,NULL
C0251,Adient,51 to 200 employees, MA,NULL,Consulting
C0252,Spectrum Health & Human Services,201 to 500 employees, CA,NULL,Health Care Products Manufacturing
C0253,KnowBe4,501 to 1000 employees, FL,http://www.knowbe4.com/,Security Services
C0254,ITC Defense,1 to 50 employees, VA,http://www.itcdefense.com/,Aerospace & Defense
C0255,Kelly Services,5001 to 10000 employees, MI,http://www.kellyservices.com/,Staffing & Outsourcing
C0256,Stevens Industries,501 to 1000 employees, IL,http://www.stevensind.com/,Wood Product Manufacturing
C0257,Northwestern Mutual,5001 to 10000 employees, WI,http://www.uline.com/,Wholesale
C0258,San Manuel Casino,1001 to 5000 employees, CA,http://www.sanmanuelcareers.com/,Gambling
C0259,MathWorks,501 to 1000 employees, FL,http://www.venus.com/,"Department, Clothing, & Shoe Stores"
C0260,ManTech,5001 to 10000 employees, VA,http://www.mantech.com/,Research & Development
C0261,AXION Healthcare Solutions,1 to 50 employees, NY,http://www.axionhealthcare.com/,Health Care Services & Hospitals
C0262,N.F. Smith & Associates,1001 to 5000 employees, CA,http://www.iehp.org/,Health Care Services & Hospitals
C0263,MassMutual,5001 to 10000 employees, MA,http://www.massmutual.com/,Insurance Carriers
C0264,Northrop Grumman,10000+ employees, VA,http://www.northropgrumman.com/,Aerospace & Defense
C0265,Northrop Grumman,10000+ employees, VA,http://www.northropgrumman.com/,Aerospace & Defense
C0266,Caddell,201 to 500 employees, AL,http://www.caddell.com/,Construction
C0267,DRB Systems,201 to 500 employees, OH,http://www.drbsystems.com/,Computer Hardware & Software
C0268,Northrop Grumman,10000+ employees, VA,http://www.northropgrumman.com/,Aerospace & Defense
C0269,"S3, Inc",201 to 500 employees, AL,http://www.s3inc.com/,Architectural & Engineering Services
C0270,"Honda Aircraft Company, LLC",1001 to 5000 employees, NC,http://www.hondajet.com/,Aerospace & Defense
C0271,PenFed Credit Union,1001 to 5000 employees, VA,http://www.penfed.org/,Banks & Credit Unions
C0272,"Dayton Freight Lines, Inc.",1001 to 5000 employees, OH,http://www.daytonfreight.com/,Trucking
C0273,Envision LLC,201 to 500 employees, MO,NULL,Staffing & Outsourcing
C0274,Inland Empire Health Plan,1001 to 5000 employees, CA,http://www.iehp.org/,Health Care Services & Hospitals
C0275,The MIL Corporation,501 to 1000 employees, MD,http://www.milcorp.com/,Consulting
C0276,ChaseSource,1 to 50 employees, TX,http://www.chasesource.com/,Staffing & Outsourcing
C0277,MAKA Logistics LLC.,1 to 50 employees, TX,http://makalogistics-llc.business.site/,Logistics & Supply Chain
C0278,PrecisionHawk,51 to 200 employees, NC,http://www.precisionhawk.com/,Enterprise Software & Network Solutions
C0279,DentaQuest,1001 to 5000 employees, MA,http://www.dentaquest.com/,Insurance Carriers
C0280,Associated Electric Cooperative,501 to 1000 employees, MO,http://www.aeci.org/,Energy
C0281,Arthrex,1001 to 5000 employees, FL,http://www.arthrex.com/,Health Care Products Manufacturing
C0282,RedCloud Consulting,51 to 200 employees, WA,http://www.redcloudconsulting.com/,Consulting
C0283,Quotient Technology Inc.,501 to 1000 employees, CA,http://www.quotient.com/,Advertising & Marketing
C0284,Welbilt,5001 to 10000 employees, FL,http://www.welbilt.com/,Food & Beverage Manufacturing
C0285,Volkswagen Group of America,1001 to 5000 employees, VA,http://www.volkswagengroupamerica.com/,Transportation Equipment Manufacturing
C0286,Stevens Industries,1001 to 5000 employees, MD,http://www.hughes.com/,"Cable, Internet & Telephone Providers"
C0287,The Washington Post,1001 to 5000 employees, DC,http://www.washingtonpost.com/,Publishing
C0288,NRECA,501 to 1000 employees, VA,http://www.electric.coop/,Membership Organizations
C0289,Sally Beauty Holdings,10000+ employees, TX,http://www.sallybeautyholdings.com/,Beauty & Personal Accessories Stores
C0290,TIBCO Software,1001 to 5000 employees, CA,http://www.tibco.com/,Computer Hardware & Software
C0291,Herdt Consulting,1 to 50 employees, AL,NULL,Consulting
C0292,Mortgage Center,51 to 200 employees, MI,http://www.mortgagecenter.com/,Lending
C0293,AmerisourceBergen,10000+ employees, PA,http://www.amerisourcebergen.com/,Biotech & Pharmaceuticals
C0294,Meridian Technologies,Unknown, MI,NULL,NULL
C0295,United Natural Foods,10000+ employees, RI,http://www.unfi.com/,Logistics & Supply Chain
C0296,Planet Fitness,10000+ employees, NH,http://www.planetfitness.com/,"Health, Beauty, & Fitness"
C0297,CHRISTUS Health,10000+ employees, TX,http://www.christushealth.org/,Health Care Services & Hospitals
C0298,The MIL Corporation,501 to 1000 employees, MD,http://www.milcorp.com/,Consulting
C0299,Centric Consulting,501 to 1000 employees, OH,http://www.centricconsulting.com/,Consulting
C0300,Peterson Technology Partners,201 to 500 employees, IL,http://www.ptechpartners.com/,Computer Hardware & Software
C0301,Evoqua Water Technologies,1001 to 5000 employees, PA,http://www.evoqua.com/,Industrial Manufacturing
C0302,CO-OP Financial Services,1001 to 5000 employees, CA,http://www.co-opfs.org/,Banks & Credit Unions
C0303,MarkLogic,501 to 1000 employees, CA,http://www.marklogic.com/,Computer Hardware & Software
C0304,Fallon Health,1001 to 5000 employees, MA,http://www.fallonhealth.org/,Insurance Carriers
C0305,Doximity,201 to 500 employees, CA,http://www.doximity.com/,Enterprise Software & Network Solutions
C0306,Kelly Services,5001 to 10000 employees, VA,http://www.mantech.com/,Research & Development
C0307,ReaderLink,1001 to 5000 employees, IL,http://www.readerlink.com/,Logistics & Supply Chain
C0308,MobilityWare,51 to 200 employees, CA,http://www.mobilityware.com/,Video Games
C0309,The MIL Corporation,501 to 1000 employees, CO,http://www.missionrockresidential.com/,Real Estate
C0310,Equitable,5001 to 10000 employees, NY,http://www.equitable.com/,Insurance Carriers
C0311,CALIBRE Systems,5001 to 10000 employees, NY,http://www.guardianlife.com/,Insurance Carriers
C0312,Neravu,NULL,,NULL,NULL
C0313,IntelliPro Group Inc.,201 to 500 employees, CA,NULL,NULL
C0314,ORBIS Corporation,501 to 1000 employees, WI,NULL,Miscellaneous Manufacturing
C0315,GreatAmerica Financial Services,201 to 500 employees, TX,http://www.smithweb.com/,Wholesale
C0316,ManTech,5001 to 10000 employees, VA,http://www.mantech.com/,Research & Development
C0317,Airgas,10000+ employees, PA,http://www.airgas.com/,Chemical Manufacturing
C0318,Hanover Research,201 to 500 employees, DC,http://www.hanoverresearch.com/,Consulting
C0319,Glanbia Nutritionals,1001 to 5000 employees, IL,http://www.glanbianutritionals.com/,Food & Beverage Manufacturing
C0320,"Honda Aircraft Company, LLC",1001 to 5000 employees, NC,http://www.hondajet.com/,Aerospace & Defense
C0321,JRNI,51 to 200 employees, United Kingdom,http://www.jrni.com/,Enterprise Software & Network Solutions
C0322,bioMÃ©rieux,10000+ employees, France,http://www.biomerieux.com/,Biotech & Pharmaceuticals
C0323,Nike,10000+ employees, OR,http://jobs.nike.com/,Consumer Products Manufacturing
C0324,Cengage,10000+ employees, MO,http://jobs.ascension.org/ourwork,Health Care Services & Hospitals
C0325,EVOLVE BANK & TRUST,201 to 500 employees, TN,http://www.getevolved.com/,Banks & Credit Unions
C0326,Pro-Sphere Tek,201 to 500 employees, VA,http://www.prosphere.com/,Consulting
C0327,comScore,1001 to 5000 employees, VA,http://www.comscore.com/,Advertising & Marketing
C0328,Carmeuse,1001 to 5000 employees, Belgium,http://www.carmeuse.com/,Mining
C0329,Division of TennCare,1001 to 5000 employees, TN,http://www.tn.gov/tenncare.html,State & Regional Agencies
C0330,Regeneron,5001 to 10000 employees, NY,http://www.regeneron.com/,Biotech & Pharmaceuticals
C0331,Innovyze,51 to 200 employees, OR,http://www.innovyze.com/,Enterprise Software & Network Solutions
C0332,Bloomberg Industry Group,1001 to 5000 employees, VA,http://www.bloombergindustry.com/,Publishing
C0333,Misumi USA,201 to 500 employees, IL,http://www.misumiusa.com/,Industrial Manufacturing
C0334,NewDay USA,501 to 1000 employees, MD,http://www.newdayusa.com/,Lending
C0335,Bimeda,501 to 1000 employees, Ireland,http://www.bimeda.com/,Biotech & Pharmaceuticals
C0336,Angie's List,501 to 1000 employees, IN,http://www.angieslist.com/,Internet
C0337,Stepan,1001 to 5000 employees, IL,http://www.stepan.com/,Chemical Manufacturing
C0338,Inframark,1001 to 5000 employees, PA,http://www.inframark.com/,Utilities
C0339,Trellis Rx,51 to 200 employees, GA,http://www.trellisrx.com/,Health Care Services & Hospitals
C0340,Guardian Life,10000+ employees, PA,http://www.sheetz.com/,Convenience Stores & Truck Stops
C0341,Medidata Solutions,1001 to 5000 employees, NY,http://www.medidata.com/,Enterprise Software & Network Solutions
C0342,Blue Cross & Blue Shield of Rhode Island,501 to 1000 employees, RI,http://www.joinbcbsri.com/,Insurance Carriers
C0343,Ready Pac,1001 to 5000 employees, CA,http://www.readypac.com/,Food & Beverage Manufacturing
C0344,Northrop Grumman,10000+ employees, VA,http://www.northropgrumman.com/,Aerospace & Defense
C0345,The Federal Home Loan Bank of Chicago,201 to 500 employees, IL,http://www.fhlbc.com/,Banks & Credit Unions
C0346,AllianceBernstein,1001 to 5000 employees, NY,http://www.alliancebernstein.com/,Investment Banking & Asset Management
C0347,Citadel Federal Credit Union,501 to 1000 employees, PA,http://www.citadelbanking.com/,Banks & Credit Unions
C0348,HM Electronics,501 to 1000 employees, CA,http://www.hme.com/,Electrical & Electronic Manufacturing
C0349,Sparton Corporation,1001 to 5000 employees, IL,http://www.sparton.com/,Electrical & Electronic Manufacturing
C0350,The BEHR Paint Company,1001 to 5000 employees, CA,http://www.behr.com/,Chemical Manufacturing
C0351,CNA Corporation,501 to 1000 employees, VA,http://www.cna.org/,Aerospace & Defense
C0352,"Insight Enterprises, Inc.",5001 to 10000 employees, AZ,http://www.insight.com/,Enterprise Software & Network Solutions
C0353,BankUnited,201 to 500 employees, NY,http://www.shswny.org/,Social Assistance
C0354,Lincoln Financial,10000+ employees, PA,http://www.lfg.com/,Insurance Carriers
C0355,Northwestern Mutual,501 to 1000 employees, CA,http://www.belcampo.com/,Food & Beverage Manufacturing
C0356,LeanData,51 to 200 employees, CA,http://www.leandatainc.com/,Enterprise Software & Network Solutions
C0357,Miltenyi Biotec,1001 to 5000 employees, Germany,http://www.miltenyibiotec.com/,Biotech & Pharmaceuticals
C0358,HM Electronics,201 to 500 employees, MD,http://www.cybercoretech.com/,Security Services
C0359,SV Microwave,201 to 500 employees, FL,http://www.svmicrowave.com/,Telecommunications Manufacturing
C0360,Blue Buffalo,501 to 1000 employees, CT,http://www.bluebuffalo.com/,Consumer Products Manufacturing
C0361,Alliance Solutions,1 to 50 employees, AL,http://www.sballiance.net/,Aerospace & Defense
C0362,T-Mobile,10000+ employees, WA,http://www.t-mobile.com/,Telecommunications Services
C0363,Quality Consulting Group,51 to 200 employees, PR,http://www.qualityconsultinggrouppr.com/,Biotech & Pharmaceuticals
C0364,Carilion Clinic,10000+ employees, VA,http://www.carilionclinic.org/,Health Care Services & Hospitals
C0365,CME Group,10000+ employees, MN,http://www.ecolab.com/,Chemical Manufacturing
C0366,Cenlar,1001 to 5000 employees, NJ,http://www.cenlar.com/,NULL
C0367,Division of TennCare,1001 to 5000 employees, TN,http://www.tn.gov/tenncare.html,State & Regional Agencies
C0368,TreeHouse Foods,10000+ employees, IL,http://www.treehousefoods.com/,Food & Beverage Manufacturing
C0369,HRUCKUS,1 to 50 employees, DC,http://www.hruckus.com/,Consulting
C0370,Intuitive Research and Technology,201 to 500 employees, SC,http://www.agfirst.com/,Lending
C0371,"Revenue Solutions, Inc.",201 to 500 employees, MA,http://www.rsidelivers.com/,Enterprise Software & Network Solutions
C0372,3M,10000+ employees, MN,http://www.3m.com/,Miscellaneous Manufacturing
C0373,"Almatica Pharma, LLC",NULL,,NULL,NULL
C0374,Robert Half,501 to 1000 employees, CA,http://www.qsc.com/,Electrical & Electronic Manufacturing
C0375,"Meridian Technologies, Inc.",51 to 200 employees, FL,NULL,IT Services
C0376,Perrigo Company,10000+ employees, Ireland,http://www.perrigo.com/,Biotech & Pharmaceuticals
C0377,Johns Hopkins Health Care,1001 to 5000 employees, MD,http://jobs.hopkinsmedicine.org/,Health Care Services & Hospitals
C0378,ManTech,5001 to 10000 employees, VA,http://www.mantech.com/,Research & Development
C0379,mGage,201 to 500 employees, GA,http://www.mgage.com/,Enterprise Software & Network Solutions
C0380,Bridgerock Data,1 to 50 employees, FL,NULL,NULL
C0381,Intuitive Research and Technology,201 to 500 employees, AL,http://www.irtc-hq.com/,Aerospace & Defense
C0382,Aethon Energy,1 to 50 employees, TX,NULL,Oil & Gas Exploration & Production
C0383,C & L Aviation Group,51 to 200 employees, ME,http://www.cla.aero/,Commercial Equipment Repair & Maintenance
C0384,Zions Bancorporation,10000+ employees, UT,http://www.zionsbancorporation.com/,Banks & Credit Unions
C0385,CO-OP Financial Services,1001 to 5000 employees, CA,http://www.co-opfs.org/,Banks & Credit Unions
C0386,Gensco,501 to 1000 employees, WA,http://www.gensco.com/,Wholesale
C0387,AVIAN,201 to 500 employees, MD,http://www.avian.com/,Aerospace & Defense
C0388,Novetta,501 to 1000 employees, VA,http://www.novetta.com/,Enterprise Software & Network Solutions
C0389,Belden,5001 to 10000 employees, MO,http://www.belden.com/aboutbelden/careers,Electrical & Electronic Manufacturing
C0390,Powersolv,1 to 50 employees, VA,http://www.powersolv.com/,IT Services
C0391,PatientPoint,201 to 500 employees, OH,http://www.patientpoint.com/,Advertising & Marketing
C0392,Cambridge Systematics,201 to 500 employees, MA,http://www.camsys.com/,Transportation Management
C0393,Sharpedge Solutions Inc,Unknown, IL,NULL,Publishing
C0394,Veritone,201 to 500 employees, CA,http://www.veritone.com/,Enterprise Software & Network Solutions
C0395,Farelogix,201 to 500 employees, FL,http://www.farelogix.com/,Enterprise Software & Network Solutions
C0396,Step Ahead Solutions,1 to 50 employees, CA,NULL,Computer Hardware & Software
C0397,"Keen360, Inc.",1 to 50 employees, PA,NULL,NULL
C0398,The Syllogisteks Company,Unknown, MO,http://www.syllogisteks.com/,Staffing & Outsourcing
C0399,Equiscript,201 to 500 employees, CA,http://www.brownandtoland.com/,Health Care Services & Hospitals
C0400,Power Design,1001 to 5000 employees, FL,http://www.powerdesigninc.us/,Construction
C0401,AXION Healthcare Solutions,51 to 200 employees, WA,http://www.wahbexchange.org/,State & Regional Agencies
C0402,National General Insurance,501 to 1000 employees, DC,http://www.usac.org/,Telecommunications Services
C0403,CenturyLink,10000+ employees, LA,http://www.centurylink.com/,"Cable, Internet & Telephone Providers"
C0404,Ghirardelli Chocolate,1001 to 5000 employees, UT,http://www.youngliving.com/,"Health, Beauty, & Fitness"
C0405,Sargento,1001 to 5000 employees, WI,http://www.sargento.com/,Food & Beverage Manufacturing
C0406,FreedomPay,51 to 200 employees, NJ,NULL,NULL
C0407,Celerity,201 to 500 employees, VA,http://www.celerity.com/,IT Services
C0408,Red Collar Pet Foods,501 to 1000 employees, TN,http://www.redcollarpet.com/,Food & Beverage Manufacturing
C0409,SCP Health,1001 to 5000 employees, LA,http://www.scp-health.com/,Health Care Services & Hospitals
C0410,comScore,1001 to 5000 employees, VA,http://www.comscore.com/,Advertising & Marketing
C0411,ShorePoint,1 to 50 employees, DC,http://www.shorepointinc.com/,IT Services
C0412,Northwestern Mutual,5001 to 10000 employees, WI,http://www.northwesternmutual.com/,Brokerage Services
C0413,ShorePoint,1 to 50 employees, DC,http://www.shorepointinc.com/,IT Services
C0414,DRB Systems,1001 to 5000 employees, South Korea,http://us.ncsoft.com/,Video Games
C0415,Uline,5001 to 10000 employees, WI,http://www.uline.com/,Wholesale
C0416,Duluth Trading Company,1001 to 5000 employees, WI,http://www.duluthtrading.com/,Other Retail Stores
C0417,United Network for Organ Sharing,201 to 500 employees, VA,http://www.unos.org/,Health Care Services & Hospitals
C0418,CME Group,501 to 1000 employees, CA,http://www.natera.com/,Biotech & Pharmaceuticals
C0419,Johnsonville Sausage,1001 to 5000 employees, WI,http://jobs.johnsonville.com/,Food & Beverage Manufacturing
C0420,Equiscript,51 to 200 employees, SC,http://www.equiscript.com/,Health Care Services & Hospitals
C0421,Gundersen Health System,5001 to 10000 employees, WI,http://www.gundersenhealth.org/,Health Care Services & Hospitals
C0422,TreeHouse Foods,10000+ employees, IL,http://www.treehousefoods.com/,Food & Beverage Manufacturing
C0423,C & L Aviation Group,51 to 200 employees, ME,http://www.cla.aero/,Commercial Equipment Repair & Maintenance
C0424,Cook Children's Health Care System,5001 to 10000 employees, TX,http://www.cookchildrens.org/,Health Care Services & Hospitals
C0425,Softcom Systems,10000+ employees, MD,http://www.mccormickcorporation.com/,Food & Beverage Manufacturing
C0426,Terakeet,201 to 500 employees, NY,http://www.terakeet.com/,Advertising & Marketing
C0427,Indivior,501 to 1000 employees, VA,http://www.indivior.com/,Biotech & Pharmaceuticals
C0428,Driscoll's,1 to 50 employees, CA,NULL,Beauty & Personal Accessories Stores
C0429,American Family Insurance,5001 to 10000 employees, WI,http://www.amfam.com/about/careers,Insurance Carriers
C0430,Northrop Grumman,10000+ employees, VA,http://www.northropgrumman.com/,Aerospace & Defense
C0431,FanDuel,501 to 1000 employees, NY,http://www.fanduel.com/,Sports & Recreation
C0432,Northwest Pallet Services,501 to 1000 employees, IL,http://www.northwestpallet.com/,Wood Product Manufacturing
C0433,Ascension,10000+ employees, MO,http://jobs.ascension.org/ourwork,Health Care Services & Hospitals
C0434,Peterson Technology Partners,201 to 500 employees, IL,http://www.ptechpartners.com/,Computer Hardware & Software
C0435,Synechron,5001 to 10000 employees, NY,http://www.synechron.com/,IT Services
C0436,Beazley Group,1001 to 5000 employees, United Kingdom,http://www.beazley.com/,Insurance Carriers
